{"cameraMode":{"drawMode":0,"name":"Shaded","section":"Shading Mode"},"sceneLighting":false,"audioPlay":false,"sceneViewState":{"showFog":true,"showMaterialUpdate":false,"showSkybox":false,"showFlares":true,"showImageEffects":true,"showParticleSystems":true},"in2DMode":false,"pivot":{"x":0.20999997854232789,"y":0.0,"z":-2.609999895095825},"rotation":{"x":0.0640721470117569,"y":0.9290899634361267,"z":-0.3092416822910309,"w":0.19250008463859559},"size":1.4289418458938599,"orthographic":false}